name,z_s,z_l,ra,dec,component,IS,RA,dRA,DEC,dDEC,band_F814W,error_F814W,photometric_system,Telescope,instrument,Bibcode,notes
COSMOS5921+0638,3.14,0.551,149.84071,2.11063,A,ima,0.702,0.005,-0.132,0.005,25.42,0.06,AB,HST,ACS,2009A&A...507...35A,
COSMOS5921+0638,3.14,0.551,149.84071,2.11063,B,ima,0.617,0.003,0.382,0.002,24.59,0.06,AB,HST,ACS,2009A&A...507...35A,
COSMOS5921+0638,3.14,0.551,149.84071,2.11063,C,ima,-0.067,0.003,0.727,0.002,24.53,0.06,AB,HST,ACS,2009A&A...507...35A,
COSMOS5921+0638,3.14,0.551,149.84071,2.11063,D,ima,-0.468,0.008,-0.507,0.008,26.19,0.1,AB,HST,ACS,2009A&A...507...35A,
COSMOS5921+0638,3.14,0.551,149.84071,2.11063,G,lens,0.0,0.008,0.0,0.008,20.31,0.009,AB,HST,ACS,2009A&A...507...35A,
