name,z_s,z_l,ra,dec,component,IS,RA,dRA,DEC,dDEC,band_V,error_V,band_R,error_R,band_I,error_I,band_H,error_H,photometric_system,Telescope,instrument,Bibcode,notes
SDSSJ0806+2006,1.54,,121.59867,20.10874,A,ima,0.0,0.005,0.0,0.005,19.23,0.01,18.93,0.01,18.54,0.01,16.87,0.01,,UH88,8kmosaic,2006AJ....131.1934I,
SDSSJ0806+2006,1.54,,121.59867,20.10874,B,ima,-1.136,0.007,-0.823,0.007,19.82,0.02,19.36,0.02,18.84,0.01,17.34,0.02,,UH88,8kmosaic,2006AJ....131.1934I,
SDSSJ0806+2006,1.54,,121.59867,20.10874,G,lens,-0.811,0.015,-0.574,0.015,22.27,0.07,21.2,0.04,20.16,0.03,17.9,0.05,,UH88,8kmosaic,2006AJ....131.1934I,
