{
  "timestamp": "2025-08-18T14:43:48.886764",
  "benchmark_results": {
    "kernel_initialization": {
      "mean": 0.04873748339014128,
      "median": 0.043368521000957116,
      "std": 0.011881285346512277,
      "min": 0.04107241699239239,
      "max": 0.07634774997131899,
      "samples": [
        0.07634774997131899,
        0.06447808298980817,
        0.04703437502030283,
        0.04205591697245836,
        0.04177025001263246,
        0.0429807499749586,
        0.044898249965626746,
        0.04326733300695196,
        0.043469708994962275,
        0.04107241699239239
      ],
      "num_runs": 10
    },
    "memory_operations": {
      "save_operations": {
        "mean": 0.001,
        "note": "fallback_mock"
      },
      "search_operations": {
        "mean": 0.002,
        "note": "fallback_mock"
      },
      "fallback": true
    },
    "pipeline_performance": {
      "mean": 0.003111074996413663,
      "median": 0.0014320210029836744,
      "std": 0.00450614787737034,
      "min": 0.0012433750089257956,
      "max": 0.02423137502046302,
      "stages_per_second": 321.43230270975937,
      "num_stages": 50
    },
    "concurrent_operations": {
      "concurrency_1": {
        "total_time": 0.04543958301655948,
        "total_operations": 10,
        "ops_per_second": 220.0724420458637,
        "avg_worker_time": 0.043524833978153765,
        "max_worker_time": 0.043524833978153765
      },
      "concurrency_2": {
        "total_time": 0.018774958967696875,
        "total_operations": 20,
        "ops_per_second": 1065.2486662906088,
        "avg_worker_time": 0.017941500002052635,
        "max_worker_time": 0.01837875001365319
      },
      "concurrency_5": {
        "total_time": 0.020264207967557013,
        "total_operations": 50,
        "ops_per_second": 2467.4046022450016,
        "avg_worker_time": 0.018646591575816274,
        "max_worker_time": 0.018829874985385686
      },
      "concurrency_10": {
        "total_time": 0.020716583007015288,
        "total_operations": 100,
        "ops_per_second": 4827.05086867544,
        "avg_worker_time": 0.01958007099456154,
        "max_worker_time": 0.01990174996899441
      },
      "concurrency_20": {
        "total_time": 0.035634958010632545,
        "total_operations": 200,
        "ops_per_second": 5612.466273717096,
        "avg_worker_time": 0.0340017894981429,
        "max_worker_time": 0.03422041598241776
      }
    },
    "tracing_overhead": {
      "no_trace_time": 0.11642958299489692,
      "with_trace_time": 0.2145797080011107,
      "overhead_time": 0.09815012500621378,
      "overhead_percentage": 84.29998844066606,
      "operations_count": 100,
      "acceptable": false
    }
  },
  "regression_analysis": {
    "kernel_init": {
      "current_mean": 0.04873748339014128,
      "baseline_mean": 0.5,
      "regression_factor": 0.09747496678028256,
      "within_acceptable": true,
      "status": "PASS"
    },
    "tracing_overhead": {
      "current_overhead": 84.29998844066606,
      "max_acceptable": 5.0,
      "status": "FAIL"
    }
  },
  "overall_status": "FAIL",
  "system_info": {
    "correlation_id": "e0fb0845-09ea-4443-8100-b821678a7305",
    "python_version": "3.12.9"
  }
}