{"rho": -57.95798004172171, "support_vectors": [[1.83, 0.452], [1.13, 1.48], [-1.31, 1.25], [-2.11, 0.193], [1.22, 1.13], [1.97, -0.772], [-1.99, 0.5489999999999999], [-0.833, -0.569], [-0.0303, 2.11], [1.94, -0.65], [0.529, 0.133], [-1.68, 1.08], [0.294, -1.5], [2.06, -0.48200000000000004], [1.63, 0.475], [-0.723, 0.633], [1.9, -0.0565], [1.69, -0.7240000000000001], [-0.7959999999999999, -1.63], [-2.34, 0.24600000000000002], [-1.35, 1.32], [-1.2, -1.02], [1.88, -0.368], [-1.97, 0.611], [-1.69, -0.175], [0.672, 2.03], [0.165, -1.58], [1.66, 0.672], [1.21, 1.28], [1.8, -0.8109999999999999], [-0.8809999999999999, -1.59], [-2.07, 0.0318], [-0.8640000000000001, -1.56], [-0.9, 1.49], [-1.43, 1.26], [-1.25, -1.28], [2.34, -1.25], [1.41, 0.83], [1.38, 0.877], [-1.01, -1.53], [0.125, 2.16], [0.552, 2.05], [-1.21, -0.934], [0.284, 2.37], [-0.424, 2.01], [-0.934, -1.58], [1.83, 0.349], [-1.93, 0.603], [-1.62, 1.02], [-0.44299999999999995, 1.86], [0.512, -1.34], [1.8, -1.0], [-0.10300000000000001, -1.71], [1.62, -0.919], [0.12300000000000001, -1.62], [0.685, 2.2], [1.26, 1.72], [0.255, 0.41200000000000003], [-1.12, -1.39], [0.682, -0.146], [0.0379, -1.64], [-0.36200000000000004, -1.7], [-0.6970000000000001, -1.69], [2.01, -0.695], [-0.0339, -1.66], [-2.77, 0.0962], [1.67, -0.978], [1.75, -1.03], [0.431, 0.266], [1.31, 1.07], [1.29, 1.07], [0.8109999999999999, 2.0], [0.284, 2.31], [-1.19, -1.03], [0.753, 1.84], [-1.25, -1.1], [2.03, -0.42700000000000005], [-0.218, 2.09], [0.395, 0.0856], [-2.56, -0.0784], [1.95, -1.02], [0.428, -1.43], [-1.53, 1.21], [0.5820000000000001, 0.23199999999999998], [0.29, 0.591], [0.22, 2.08], [-0.68, 1.68], [2.25, -1.4], [-0.6990000000000001, 0.755], [-1.82, 0.904], [-2.41, 0.26], [0.47100000000000003, 2.03], [-0.862, 1.53], [1.77, 0.239], [2.59, -1.15], [-1.95, 0.614], [0.758, -1.45], [1.52, 0.795], [1.44, 0.898], [-1.2, -1.19], [-1.2, 1.43], [-1.19, -0.9390000000000001], [2.06, -0.893], [0.0935, 2.1], [-1.06, 1.49], [-2.04, 0.401], [-1.98, 0.875], [-1.25, -1.47], [-2.19, 0.0991], [-2.0, 0.40299999999999997], [-0.624, 1.75], [-1.4, 1.19], [1.96, -0.7090000000000001], [0.35700000000000004, 0.647], [0.105, -1.67], [-2.32, 0.0861], [-1.26, -0.912], [0.81, 1.93], [0.5710000000000001, -1.53], [1.93, -0.8420000000000001], [-1.02, 1.53], [0.8740000000000001, 1.79], [-0.9359999999999999, -1.5], [-2.01, 0.439], [2.22, -2.04], [-0.129, -1.69], [0.431, -1.56], [-1.29, 1.52], [-1.43, 1.25], [-0.8009999999999999, 1.78], [0.33, -1.48], [-0.97, -1.6], [1.85, -0.5579999999999999], [0.912, 2.1], [1.61, 0.5820000000000001], [0.365, 0.632], [-0.922, 0.5329999999999999], [0.32799999999999996, 0.5529999999999999], [-2.04, 0.131], [-0.606, 3.19], [-1.94, 0.598], [-2.0, -0.0624], [-0.434, 1.98], [0.28300000000000003, -1.56], [1.64, 0.513], [0.254, 2.42], [-1.2, -1.04], [-0.888, -1.59], [0.6659999999999999, -1.52], [0.624, -1.31], [0.39899999999999997, -1.48], [-1.01, -1.47], [0.5379999999999999, -1.39], [0.675, -1.53], [-2.06, -0.332], [2.04, -0.462], [1.17, 1.28], [1.38, 1.27], [2.14, -0.45299999999999996], [1.03, 1.61], [-1.04, -1.42], [1.23, 2.19], [0.42200000000000004, 2.33], [1.88, -0.141], [-0.126, -1.67], [0.196, -1.71], [1.89, -0.243], [-0.239, -0.619], [-0.636, 1.72], [-1.77, 1.01], [0.391, -1.42], [-0.826, -1.67], [-1.78, 0.8190000000000001], [-2.98, -0.16], [1.41, 0.9], [-1.16, -0.6409999999999999], [1.79, -0.8340000000000001], [-0.9279999999999999, 1.55], [-1.7, -0.087], [1.4, 0.855], [1.3, 1.04], [2.05, -0.105], [0.534, 2.15], [-1.08, -1.39], [-1.01, -1.65], [1.93, 0.165], [0.355, 2.08], [-2.13, 0.6779999999999999], [-0.579, 0.79], [-1.98, 0.345], [1.72, -0.7929999999999999], [1.98, 0.41700000000000004], [-1.46, 1.2], [-2.6, 0.217], [0.63, -1.23], [-1.96, 0.445], [-0.956, -1.61], [-0.784, 1.81], [-1.84, 0.0932], [-0.508, -1.7], [0.515, 2.21], [-1.19, -1.32], [-3.09, -0.8320000000000001], [-0.77, 0.637], [1.8, 0.757], [1.49, -0.8859999999999999], [1.74, 0.5770000000000001], [1.71, 0.569], [0.409, -1.51], [-1.19, -0.976], [0.185, 0.617], [0.627, 0.23399999999999999], [-2.84, -0.177], [0.846, 1.87], [0.82, 1.83], [0.445, -1.38], [-0.35, 2.07], [-0.5579999999999999, -1.73], [-0.18, -0.639], [0.42, 2.1], [-0.436, 1.86], [2.44, -0.44799999999999995], [1.07, 1.53], [-0.9009999999999999, -1.68], [1.89, -0.633], [-1.94, 0.8320000000000001], [0.21, 2.18], [-1.42, -1.4], [-1.2, -1.4], [0.523, -1.38], [-0.7140000000000001, -1.65], [0.43700000000000006, 2.35], [1.97, 0.040999999999999995], [2.27, 0.284], [1.17, 1.37], [-1.9, 0.856], [-0.306, 2.28], [-0.21100000000000002, -0.637], [-2.25, 0.16699999999999998], [-0.7040000000000001, 0.71], [-2.37, -0.01], [1.92, 0.0429], [-1.67, 1.1], [1.5, -0.993], [1.78, 0.272], [0.431, -1.46], [1.88, 0.325], [-1.21, -1.22], [-0.865, 1.6], [0.32899999999999996, 0.606], [0.49700000000000005, 2.23], [-1.23, -0.977], [1.71, -0.945], [-2.09, 0.604], [-1.06, -1.54], [1.88, -1.13], [-1.93, 0.96], [0.272, -1.6], [-0.507, 1.89], [0.6729999999999999, 2.52], [-0.98, -1.49], [0.41700000000000004, -1.54], [0.7390000000000001, 2.14], [0.627, 0.125], [-0.9009999999999999, -1.56], [-0.8, 1.66], [-1.02, -1.43], [-0.434, 2.24], [-1.74, 0.975], [-0.816, 0.562], [0.424, 0.47100000000000003], [1.88, 0.11599999999999999], [-0.0406, 2.09], [0.568, 0.244], [0.504, 0.0752], [-2.06, 0.392], [0.46299999999999997, 0.498], [-0.9359999999999999, 1.81], [-1.31, -0.903], [1.87, -1.16], [0.434, 2.19], [1.22, 1.35], [-1.09, 1.39], [-2.03, 0.359], [-1.93, 0.525], [-0.5670000000000001, -1.7], [-1.82, 0.885], [1.82, -0.643], [0.823, -1.21], [0.614, -1.46], [1.18, 1.49], [0.215, -1.66], [-0.285, 1.98], [1.98, -0.0252], [0.384, 2.15], [2.2, -0.665], [-0.222, 2.47]], "dual_coefficients": [1.0, 1.0, 1.0, 1.0, 0.6315913792734209, 1.0, 1.0, 0.5449135322392819, 1.0, 1.0, 1.0, 1.0, 1.0, 1.0, 0.16442655401265124, 1.0, 1.0, 1.0, 1.0, 1.0, 1.0, 1.0, 1.0, 1.0, 1.0, 1.0, 1.0, 1.0, 1.0, 1.0, 1.0, 1.0, 1.0, 0.4460907297576722, 1.0, 1.0, 1.0, 1.0, 1.0, 1.0, 1.0, 1.0, 1.0, 1.0, 1.0, 1.0, 1.0, 1.0, 1.0, 1.0, 1.0, 1.0, 1.0, 1.0, 1.0, 1.0, 1.0, 1.0, 1.0, 0.7016095715432302, 1.0, 0.19655130128596504, 1.0, 1.0, 1.0, 1.0, 1.0, 1.0, 1.0, 1.0, 1.0, 1.0, 1.0, 1.0, 1.0, 1.0, 1.0, 1.0, 1.0, 1.0, 1.0, 1.0, 1.0, 1.0, 1.0, 1.0, 1.0, 1.0, 0.6218511416641433, 1.0, 1.0, 1.0, 1.0, 1.0, 1.0, 1.0, 1.0, 1.0, 1.0, 1.0, 1.0, 1.0, 1.0, 1.0, 1.0, 1.0, 1.0, 1.0, 1.0, 1.0, 1.0, 1.0, 1.0, 1.0, 1.0, 1.0, 1.0, 1.0, 1.0, 1.0, 1.0, 1.0, 0.5437048836473949, 1.0, 1.0, 1.0, 1.0, 1.0, 1.0, 1.0, 1.0, 1.0, 1.0, 1.0, 1.0, 1.0, 1.0, 1.0, 1.0, 1.0, 1.0, 1.0, 1.0, 1.0, 1.0, 1.0, 1.0, 1.0, 1.0, 1.0, 1.0, 1.0, 1.0, 1.0, 1.0, 1.0, 1.0, 1.0, 1.0, 1.0, 1.0, 1.0, 1.0, 0.830757472629929, 1.0, 1.0, 1.0, 1.0, 1.0, 1.0, 1.0, 1.0, 0.7185034339442989, 1.0, 1.0, 1.0, 1.0, 1.0, 1.0, 1.0, 1.0, 1.0, 1.0, 1.0, 1.0, 1.0, 1.0, 1.0, 1.0, 1.0, 1.0, 1.0, 1.0, 1.0, 1.0, 1.0, 1.0, 1.0, 1.0, 1.0, 1.0, 1.0, 1.0, 1.0, 1.0, 1.0, 1.0, 1.0, 1.0, 1.0, 1.0, 1.0, 1.0, 1.0, 1.0, 1.0, 1.0, 1.0, 1.0, 1.0, 1.0, 1.0, 1.0, 1.0, 1.0, 1.0, 1.0, 1.0, 1.0, 1.0, 1.0, 1.0, 1.0, 1.0, 1.0, 1.0, 1.0, 1.0, 1.0, 1.0, 1.0, 1.0, 1.0, 1.0, 1.0, 1.0, 1.0, 1.0, 1.0, 1.0, 1.0, 1.0, 1.0, 1.0, 1.0, 1.0, 1.0, 1.0, 1.0, 1.0, 1.0, 1.0, 1.0, 1.0, 1.0, 1.0, 1.0, 1.0, 1.0, 1.0, 1.0, 1.0, 1.0, 1.0, 1.0, 1.0, 1.0, 1.0, 1.0, 1.0, 1.0, 1.0, 1.0, 1.0, 1.0, 1.0, 1.0, 1.0, 1.0, 1.0, 1.0, 1.0, 1.0, 1.0, 1.0, 1.0, 1.0], "kernel_parameters": [0.5917159763313609], "kernel_function": "rbf", "scaling": {}}