{"A": [[-0.5547001962252291, 0.8320502943378437], [0.12403473458920847, 0.9922778767136677], [-0.0, -1.0], [0.11043152607484653, -0.9938837346736188]], "b": [-1.386750490563073, -3.2249030993194205, 1.0, 0.8834522085987723]}