"","region","mean_wCV","median_wCV","n_subjects"
"1","All",299.91675074107,194.347404803639,4
"2","lVLPFC",153.801803634522,113.143700699393,4
"3","mPFC",75.9179433320411,53.3886168101135,4
"4","rVLPFC",191.715561192512,97.7447692748885,4
