name,z_s,z_l,ra,dec,Bibcode,notes
J2103-0850,2.455,,315.8708333,-8.84694444,2022ApJ...927...45C,
