{
  "MMSE": {
    "theta_mean": 22,
    "theta_std": 2.6666666666666665,
    "phi_mean": 28,
    "phi_std": 0.6666666666666666
  },
  "ADAS": {
    "theta_mean": 20,
    "theta_std": 4.0,
    "phi_mean": 6,
    "phi_std": 1.3333333333333333
  },
  "AB": {
    "theta_mean": 150,
    "theta_std": 16.666666666666668,
    "phi_mean": 250,
    "phi_std": 50.0
  },
  "P-Tau": {
    "theta_mean": 50,
    "theta_std": 33.333333333333336,
    "phi_mean": 25,
    "phi_std": 16.666666666666668
  },
  "HIP-FCI": {
    "theta_mean": 5,
    "theta_std": 6.666666666666667,
    "phi_mean": -5,
    "phi_std": 1.6666666666666667
  },
  "HIP-GMI": {
    "theta_mean": 0.3,
    "theta_std": 0.3333333333333333,
    "phi_mean": 0.4,
    "phi_std": 0.2333333333333333
  },
  "AVLT-Sum": {
    "theta_mean": 20,
    "theta_std": 6.666666666666667,
    "phi_mean": 40,
    "phi_std": 15.0
  },
  "PCC-FCI": {
    "theta_mean": 5,
    "theta_std": 3.3333333333333335,
    "phi_mean": 12,
    "phi_std": 4.0
  },
  "FUS-GMI": {
    "theta_mean": 0.5,
    "theta_std": 0.06666666666666667,
    "phi_mean": 0.6,
    "phi_std": 0.06666666666666667
  },
  "FUS-FCI": {
    "theta_mean": 20,
    "theta_std": 6.0,
    "phi_mean": 10,
    "phi_std": 3.3333333333333335
  },
  "CDR-SB": {
    "theta_mean": 4.5,
    "theta_std": 1.5,
    "phi_mean": 2.0,
    "phi_std": 0.8
  },
  "FAQ": {
    "theta_mean": 10.0,
    "theta_std": 3.0,
    "phi_mean": 5.0,
    "phi_std": 1.2
  },
  "NFL": {
    "theta_mean": 30.0,
    "theta_std": 10.0,
    "phi_mean": 20.0,
    "phi_std": 5.0
  },
  "T-Tau": {
    "theta_mean": 80.0,
    "theta_std": 20.0,
    "phi_mean": 40.0,
    "phi_std": 12.0
  },
  "RAVLT-Delay": {
    "theta_mean": 15.0,
    "theta_std": 5.0,
    "phi_mean": 25.0,
    "phi_std": 7.0
  }
}