{"rho": -0.08477000442820996, "support_vectors": [[-1.0], [-0.7628600073916949], [-0.6762568500879933], [-0.6069930648641864], [-0.6062861188150421], [-0.39468562522004713], [-0.1422999302470821], [-0.08619112785687477], [-0.07299303319873962], [0.09631000923411182], [0.2617491049481291], [0.4027714690328674], [0.5766582518137395], [0.7488257188631116], [0.8229242653722282], [0.8951354619233927], [0.9825875565786237]], "dual_coefficients": [0.07707279006966196, -1.0, 0.15935124532234435, 1.0, 1.0, -1.0, 1.0, 0.07092662888839885, 1.0, -1.0, 0.15235713657264924, -1.0, 1.0, -0.6603964478833585, 1.0, -1.0, -0.7993113529696954], "kernel_parameters": [2.661132334233932], "kernel_function": "rbf", "scaling": {"input": {"scaler": "MinMax", "min": [0.21901882893614388], "max": [4.878111758183779]}, "output": {"scaler": "Standard", "mean": [0.026824927538225483], "stddev": [0.7466649809361575]}}}